# ************************************************************
# Sequel Pro SQL dump
# Version 4541
#
# http://www.sequelpro.com/
# https://github.com/sequelpro/sequelpro
#
# Host: 101.132.106.42 (MySQL 5.5.60-MariaDB)
# Database: development
# Generation Time: 2019-07-20 09:47:43 +0000
# ************************************************************


/*!40101 SET @OLD_CHARACTER_SET_CLIENT=@@CHARACTER_SET_CLIENT */;
/*!40101 SET @OLD_CHARACTER_SET_RESULTS=@@CHARACTER_SET_RESULTS */;
/*!40101 SET @OLD_COLLATION_CONNECTION=@@COLLATION_CONNECTION */;
/*!40101 SET NAMES utf8 */;
/*!40014 SET @OLD_FOREIGN_KEY_CHECKS=@@FOREIGN_KEY_CHECKS, FOREIGN_KEY_CHECKS=0 */;
/*!40101 SET @OLD_SQL_MODE=@@SQL_MODE, SQL_MODE='NO_AUTO_VALUE_ON_ZERO' */;
/*!40111 SET @OLD_SQL_NOTES=@@SQL_NOTES, SQL_NOTES=0 */;


# Dump of table gysw_classify
# ------------------------------------------------------------

DROP TABLE IF EXISTS `gysw_classify`;

CREATE TABLE `gysw_classify` (
  `id` int(11) unsigned NOT NULL AUTO_INCREMENT,
  `path` varchar(255) NOT NULL DEFAULT '',
  `desc` varchar(255) NOT NULL DEFAULT '',
  PRIMARY KEY (`id`)
) ENGINE=InnoDB DEFAULT CHARSET=utf8;

LOCK TABLES `gysw_classify` WRITE;
/*!40000 ALTER TABLE `gysw_classify` DISABLE KEYS */;

INSERT INTO `gysw_classify` (`id`, `path`, `desc`)
VALUES
	(1,'xuanhuanxiaoshuo','玄幻小说'),
	(2,'xiuzhenxiaoshuo','修真小说'),
	(3,'dushixiaoshuo','都市小说'),
	(4,'chuanyuexiaoshuo','穿越小说'),
	(5,'wangyouxiaoshuo','网游小说'),
	(6,'kehuanxiaoshuo','科幻小说'),
	(7,'yanqingxiaoshuo','言情小说'),
	(8,'tongrenxiaoshuo','同人小说'),
	(9,'junshixiaoshuo','军事小说');

/*!40000 ALTER TABLE `gysw_classify` ENABLE KEYS */;
UNLOCK TABLES;


# Dump of table gysw_novel
# ------------------------------------------------------------

DROP TABLE IF EXISTS `gysw_novel`;

CREATE TABLE `gysw_novel` (
  `id` int(11) unsigned NOT NULL AUTO_INCREMENT COMMENT '主键',
  `classify_id` int(11) NOT NULL COMMENT '分类外键',
  `author_name` varchar(255) NOT NULL COMMENT '作者名',
  `book_name` varchar(255) NOT NULL DEFAULT '' COMMENT '小说名',
  `book_desc` varchar(1500) NOT NULL COMMENT '小说描述',
  `book_cover_url` varchar(255) NOT NULL DEFAULT 'https://novel.dkvirus.top/images/cover.png' COMMENT '小说封面',
  `book_url` varchar(255) NOT NULL DEFAULT '' COMMENT '小说网络地址，可以查询所有章节',
  `last_update_at` date NOT NULL DEFAULT '1971-01-01' COMMENT '最后更新时间',
  PRIMARY KEY (`id`)
) ENGINE=InnoDB DEFAULT CHARSET=utf8;

LOCK TABLES `gysw_novel` WRITE;
/*!40000 ALTER TABLE `gysw_novel` DISABLE KEYS */;

INSERT INTO `gysw_novel` (`id`, `classify_id`, `author_name`, `book_name`, `book_desc`, `book_cover_url`, `book_url`, `last_update_at`)
VALUES
	(51,1,'天蚕土豆','大主宰','','','https://www.biquge5200.cc/0_7/','0000-00-00'),
	(52,1,'我吃西红柿','雪鹰领主','','','https://www.biquge5200.cc/2_2598/','0000-00-00'),
	(53,1,'宅猪','人道至尊','','','https://www.biquge5200.cc/2_2379/','0000-00-00'),
	(54,1,'辰东','完美世界','','','https://www.biquge5200.cc/0_9/','0000-00-00'),
	(55,1,'莫默','武炼巅峰','','','https://www.biquge5200.cc/0_111/','0000-00-00'),
	(56,1,'汉宝','移动藏经阁','','','https://www.biquge5200.cc/0_172/','0000-00-00'),
	(57,1,'叶之凡','七界武神','','','https://www.biquge5200.cc/1_1387/','0000-00-00'),
	(58,1,'发飙的蜗牛','妖神记','','','https://www.biquge5200.cc/2_2740/','0000-00-00'),
	(59,1,'善良的蜜蜂','修罗武神','','','https://www.biquge5200.cc/1_1003/','0000-00-00'),
	(60,1,'蚕茧里的牛','武极天下','','','https://www.biquge5200.cc/0_87/','0000-00-00'),
	(61,1,'傅啸尘','武神空间','','','https://www.biquge5200.cc/0_48/','0000-00-00'),
	(62,1,'净无痕','太古神王','','','https://www.biquge5200.cc/2_2157/','0000-00-00'),
	(63,1,'纯情犀利哥','邪御天娇','','','https://www.biquge5200.cc/0_448/','0000-00-00'),
	(64,1,'苍天白鹤','棋祖','','','https://www.biquge5200.cc/2_2951/','0000-00-00'),
	(65,1,'猫腻','择天记','','','https://www.biquge5200.cc/0_584/','0000-00-00'),
	(66,1,'小刀锋利','傲剑天穹','','','https://www.biquge5200.cc/0_973/','0000-00-00'),
	(67,1,'风凌天下','天域苍穹','','','https://www.biquge5200.cc/1_1478/','0000-00-00'),
	(68,1,'虾米XL','诸天万界','','','https://www.biquge5200.cc/1_1282/','0000-00-00'),
	(69,1,'横扫天涯','无尽丹田','','','https://www.biquge5200.cc/0_238/','0000-00-00'),
	(70,1,'辰东','圣墟','','','https://www.biquge5200.cc/52_52542/','0000-00-00'),
	(71,1,'永恒之火','儒道至圣','','','https://www.biquge5200.cc/0_49/','0000-00-00'),
	(72,1,'乱(书坊)','全职法师','','','https://www.biquge5200.cc/2_2599/','0000-00-00'),
	(73,1,'天蚕土豆','元尊','','','https://www.biquge5200.cc/79_79883/','0000-00-00'),
	(74,1,'风青阳','龙血战神','','','https://www.biquge5200.cc/0_350/','0000-00-00'),
	(75,1,'蚕茧里的牛','真武世界','','','https://www.biquge5200.cc/5_5405/','0000-00-00'),
	(76,1,'厌笔萧生','帝霸','','','https://www.biquge5200.cc/0_916/','0000-00-00'),
	(77,1,'烟雨江南','永夜君王','','','https://www.biquge5200.cc/0_97/','0000-00-00'),
	(78,1,'唐家三少','龙王传说','','','https://www.biquge5200.cc/23_23934/','0000-00-00'),
	(79,1,'横扫天涯','天道图书馆','','','https://www.biquge5200.cc/52_52787/','0000-00-00'),
	(80,1,'始于梦','修罗天尊','','','https://www.biquge5200.cc/2_2655/','0000-00-00'),
	(81,1,'薪意','神门','','','https://www.biquge5200.cc/3_3376/','0000-00-00'),
	(82,1,'黯然销魂','寂灭万乘','','','https://www.biquge5200.cc/0_314/','0000-00-00'),
	(83,1,'万古青莲','绝鼎丹尊','','','https://www.biquge5200.cc/34_34638/','0000-00-00'),
	(84,1,'逆苍天','灵域','','','https://www.biquge5200.cc/0_157/','0000-00-00'),
	(85,1,'飞天鱼','万古神帝','','','https://www.biquge5200.cc/8_8187/','0000-00-00'),
	(86,1,'神见','无敌天下','','','https://www.biquge5200.cc/0_419/','0000-00-00'),
	(87,1,'乾多多','万域灵神','','','https://www.biquge5200.cc/33_33208/','0000-00-00'),
	(88,1,'萧瑾瑜','天骄战纪','','','https://www.biquge5200.cc/34_34204/','0000-00-00'),
	(89,1,'禹枫','武神天下','','','https://www.biquge5200.cc/1_1231/','0000-00-00'),
	(90,1,'两处闲愁','太古至尊','','','https://www.biquge5200.cc/23_23376/','0000-00-00'),
	(91,1,'华表','苍穹龙骑','','','https://www.biquge5200.cc/0_44/','0000-00-00'),
	(92,1,'张牧之','神武战王','','','https://www.biquge5200.cc/40_40177/','0000-00-00'),
	(93,1,'方想','不败战神','','','https://www.biquge5200.cc/0_472/','0000-00-00'),
	(94,1,'十二翼黑暗炽天使','超级神基因','','','https://www.biquge5200.cc/53_53897/','0000-00-00'),
	(95,1,'宅猪','牧神记','','','https://www.biquge5200.cc/76_76490/','0000-00-00'),
	(96,1,'陆摇','太古星辰诀','','','https://www.biquge5200.cc/36_36779/','0000-00-00'),
	(97,1,'血红','万界天尊','','','https://www.biquge5200.cc/66_66765/','0000-00-00'),
	(98,1,'盛夏微暗','绝世皇帝','','','https://www.biquge5200.cc/28_28018/','0000-00-00'),
	(99,1,'陈词懒调','原始战记','','','https://www.biquge5200.cc/1_1846/','0000-00-00'),
	(100,1,'风凌天下','我是至尊','','','https://www.biquge5200.cc/75_75597/','0000-00-00'),
	(101,2,'黑山老鬼','掠天记','','','https://www.biquge5200.cc/2_2247/','0000-00-00'),
	(102,2,'鹅是老五','造化之门','','','https://www.biquge5200.cc/0_4/','0000-00-00'),
	(103,2,'太上布衣','最强装逼打脸系统','','','https://www.biquge5200.cc/50_50537/','0000-00-00'),
	(104,2,'雾外江山','大道独行','','','https://www.biquge5200.cc/0_32/','0000-00-00'),
	(105,2,'秋晨','九仙图','','','https://www.biquge5200.cc/2_2650/','0000-00-00'),
	(106,2,'耳根','一念永恒','','','https://www.biquge5200.cc/38_38857/','0000-00-00'),
	(107,2,'忘语','魔天记','','','https://www.biquge5200.cc/0_28/','0000-00-00'),
	(108,2,'鹅是老五','不朽凡人','','','https://www.biquge5200.cc/42_42714/','0000-00-00'),
	(109,2,'幻雨','百炼成仙','','','https://www.biquge5200.cc/0_29/','0000-00-00'),
	(110,2,'我吃西红柿','莽荒纪','','','https://www.biquge5200.cc/0_27/','0000-00-00'),
	(111,2,'我吃西红柿','飞剑问道','','','https://www.biquge5200.cc/79_79875/','0000-00-00'),
	(112,2,'冰临神下','拔魔','','','https://www.biquge5200.cc/0_368/','0000-00-00'),
	(113,2,'孤独漂流','武墓','','','https://www.biquge5200.cc/0_308/','0000-00-00'),
	(114,2,'忘语','凡人修仙传','','','https://www.biquge5200.cc/0_984/','0000-00-00'),
	(115,2,'耳根','我欲封天','','','https://www.biquge5200.cc/0_31/','0000-00-00'),
	(116,2,'小盗非道1','白首太玄经','','','https://www.biquge5200.cc/3_3072/','0000-00-00'),
	(117,2,'骷髅精灵','斗战狂潮','','','https://www.biquge5200.cc/46_46254/','0000-00-00'),
	(118,2,'睡秋','仙路至尊','','','https://www.biquge5200.cc/0_784/','0000-00-00'),
	(119,2,'神出古异','九界仙尊','','','https://www.biquge5200.cc/12_12156/','0000-00-00'),
	(120,2,'我是墨水','执魔','','','https://www.biquge5200.cc/0_30/','0000-00-00'),
	(121,2,'跃千愁','道君','','','https://www.biquge5200.cc/57_57491/','0000-00-00'),
	(122,2,'我是墨水','合体双修','','','https://www.biquge5200.cc/0_412/','0000-00-00'),
	(123,2,'滚开','极道天魔','','','https://www.biquge5200.cc/58_58206/','0000-00-00'),
	(124,2,'耳根','仙逆','','','https://www.biquge5200.cc/1_1010/','0000-00-00'),
	(125,2,'之不道','都市之万界至尊','','','https://www.biquge5200.cc/79_79739/','0000-00-00'),
	(126,2,'王小蛮','盖世仙尊','','','https://www.biquge5200.cc/2_2381/','0000-00-00'),
	(127,2,'忘语','玄界之门','','','https://www.biquge5200.cc/22_22355/','0000-00-00'),
	(128,2,'第九天命','申公豹传承','','','https://www.biquge5200.cc/3_3114/','0000-00-00'),
	(129,2,'跃千愁','飞天','','','https://www.biquge5200.cc/0_122/','0000-00-00'),
	(130,2,'暮雨神天','造化仙帝','','','https://www.biquge5200.cc/33_33617/','0000-00-00'),
	(131,2,'蛇吞鲸','仙界独尊','','','https://www.biquge5200.cc/6_6778/','0000-00-00'),
	(132,2,'开荒','剑动山河','','','https://www.biquge5200.cc/0_578/','0000-00-00'),
	(133,2,'他曾是少年','书剑长安','','','https://www.biquge5200.cc/39_39470/','0000-00-00'),
	(134,2,'博耀','九炼归仙','','','https://www.biquge5200.cc/2_2714/','0000-00-00'),
	(135,2,'干燥的心','西游之穿越诸天','','','https://www.biquge5200.cc/67_67760/','0000-00-00'),
	(136,2,'蛊真人','蛊真人','','','https://www.biquge5200.cc/0_262/','0000-00-00'),
	(137,2,'忘语','凡人修仙之仙界篇','','','https://www.biquge5200.cc/82_82590/','0000-00-00'),
	(138,2,'度方','主宰漫威','','','https://www.biquge5200.cc/67_67170/','0000-00-00'),
	(139,2,'石三','苍穹之上','','','https://www.biquge5200.cc/81_81865/','0000-00-00'),
	(140,2,'荆柯守','盗天仙途','','','https://www.biquge5200.cc/55_55226/','0000-00-00'),
	(141,2,'长孙禹哲','现代天师的修道生涯','','','https://www.biquge5200.cc/0_371/','0000-00-00'),
	(142,2,'倾世大鹏','无限之开荒者','','','https://www.biquge5200.cc/55_55423/','0000-00-00'),
	(143,2,'九阳仙尊','随身仙府','','','https://www.biquge5200.cc/0_33/','0000-00-00'),
	(144,2,'耳根','三寸人间','','','https://www.biquge5200.cc/97_97123/','0000-00-00'),
	(145,2,'流浪的蛤蟆','一剑飞仙','','','https://www.biquge5200.cc/5_5459/','0000-00-00'),
	(146,2,'无罪','平天策','','','https://www.biquge5200.cc/77_77670/','0000-00-00'),
	(147,2,'飞翔的黎哥','坐忘长生','','','https://www.biquge5200.cc/54_54274/','0000-00-00'),
	(148,2,'孤独漂流','永恒国度','','','https://www.biquge5200.cc/51_51723/','0000-00-00'),
	(149,2,'小小羽','餮仙传人在都市','','','https://www.biquge5200.cc/54_54647/','0000-00-00'),
	(150,2,'巴下客','逆时空成圣','','','https://www.biquge5200.cc/53_53376/','0000-00-00'),
	(151,3,'柳下挥','逆鳞','','','https://www.biquge5200.cc/7_7763/','0000-00-00'),
	(152,3,'山间老寺','一号红人','','','https://www.biquge5200.cc/36_36956/','0000-00-00'),
	(153,3,'唐家三少','天火大道','','','https://www.biquge5200.cc/1_1316/','0000-00-00'),
	(154,3,'安山狐狸','校园全能高手','','','https://www.biquge5200.cc/0_574/','0000-00-00'),
	(155,3,'打眼','宝鉴','','','https://www.biquge5200.cc/0_40/','0000-00-00'),
	(156,3,'小萌狼','透视小医神','','','https://www.biquge5200.cc/51_51253/','0000-00-00'),
	(157,3,'九灯和善','超品相师','','','https://www.biquge5200.cc/0_195/','0000-00-00'),
	(158,3,'第十个名字','重生潜入梦','','','https://www.biquge5200.cc/1_1287/','0000-00-00'),
	(159,3,'隐为者','官榜','','','https://www.biquge5200.cc/0_730/','0000-00-00'),
	(160,3,'指着太阳说日','乡野欲潮：绝色村嫂的泛滥春情','','','https://www.biquge5200.cc/2_2982/','0000-00-00'),
	(161,3,'会说话的肘子','大王饶命','','','https://www.biquge5200.cc/79_79067/','0000-00-00'),
	(162,3,'拾寒阶','官路弯弯','','','https://www.biquge5200.cc/0_266/','0000-00-00'),
	(163,3,'瑞根','官道无疆','','','https://www.biquge5200.cc/0_37/','0000-00-00'),
	(164,3,'贼眉鼠眼','贞观大闲人','','','https://www.biquge5200.cc/2_2081/','0000-00-00'),
	(165,3,'炒酸奶','我的绝色美女房客','','','https://www.biquge5200.cc/41_41858/','0000-00-00'),
	(166,3,'黔北一草民','阴阳超市','','','https://www.biquge5200.cc/0_224/','0000-00-00'),
	(167,3,'老马识途','猎艳都市','','','https://www.biquge5200.cc/2_2798/','0000-00-00'),
	(168,3,'打眼','神藏','','','https://www.biquge5200.cc/14_14032/','0000-00-00'),
	(169,3,'卖报小郎君','我的姐姐是大明星','','','https://www.biquge5200.cc/76_76934/','0000-00-00'),
	(170,3,'断桥残雪','都市超级医圣','','','https://www.biquge5200.cc/53_53081/','0000-00-00'),
	(171,3,'鱼人二代','校花的贴身高手','','','https://www.biquge5200.cc/0_38/','0000-00-00'),
	(172,3,'茗夜','医鼎','','','https://www.biquge5200.cc/1_1562/','0000-00-00'),
	(173,3,'sebastian','大丑风流记第一部','','','https://www.biquge5200.cc/3_3350/','0000-00-00'),
	(174,3,'马甲千万','重生之神帝归来','','','https://www.biquge5200.cc/58_58284/','0000-00-00'),
	(175,3,'九悟','重生之世家子弟','','','https://www.biquge5200.cc/0_312/','0000-00-00'),
	(176,3,'梦入洪荒','权力巅峰','','','https://www.biquge5200.cc/0_495/','0000-00-00'),
	(177,3,'漂浮的气球2','都市修真医圣','','','https://www.biquge5200.cc/34_34174/','0000-00-00'),
	(178,3,'青狐妖','护花狂龙','','','https://www.biquge5200.cc/27_27006/','0000-00-00'),
	(179,3,'深海霸主','深海世界','','','https://www.biquge5200.cc/2_2722/','0000-00-00'),
	(180,3,'极品豆芽','我的贴身校花总裁','','','https://www.biquge5200.cc/56_56584/','0000-00-00'),
	(181,3,'周郎羡','仙医妙手','','','https://www.biquge5200.cc/0_206/','0000-00-00'),
	(182,3,'老鹰吃小鸡','重生之财源滚滚','','','https://www.biquge5200.cc/44_44585/','0000-00-00'),
	(183,3,'陌上猪猪','天才纨绔','','','https://www.biquge5200.cc/1_1204/','0000-00-00'),
	(184,3,'一梦或千年','极品异能学生','','','https://www.biquge5200.cc/37_37599/','0000-00-00'),
	(185,3,'火锅饺子','绝品相师','','','https://www.biquge5200.cc/52_52738/','0000-00-00'),
	(186,3,'步征','龙皇武神','','','https://www.biquge5200.cc/39_39369/','0000-00-00'),
	(187,3,'晨光路西法','纨绔毒医','','','https://www.biquge5200.cc/0_185/','0000-00-00'),
	(188,3,'归墟之巅','快递员猎艳记','','','https://www.biquge5200.cc/54_54016/','0000-00-00'),
	(189,3,'在天','美女董事长的近身高手','','','https://www.biquge5200.cc/32_32669/','0000-00-00'),
	(190,3,'东人','宝瞳','','','https://www.biquge5200.cc/1_1535/','0000-00-00'),
	(191,3,'全金属弹壳','黄金渔场','','','https://www.biquge5200.cc/2_2160/','0000-00-00'),
	(192,3,'曲封','重任','','','https://www.biquge5200.cc/0_294/','0000-00-00'),
	(193,3,'南山隐士','农家仙田','','','https://www.biquge5200.cc/0_254/','0000-00-00'),
	(194,3,'我本疯狂','极品狂少','','','https://www.biquge5200.cc/0_173/','0000-00-00'),
	(195,3,'李家老店','天庭清洁工','','','https://www.biquge5200.cc/2_2508/','0000-00-00'),
	(196,3,'叶天南','绝品天医','','','https://www.biquge5200.cc/0_189/','0000-00-00'),
	(197,3,'圣骑士的传说','修真聊天群','','','https://www.biquge5200.cc/4_4645/','0000-00-00'),
	(198,3,'红烧茄子煲','逆天透视眼','','','https://www.biquge5200.cc/1_1237/','0000-00-00'),
	(199,3,'日暮客愁','重生之最强高手','','','https://www.biquge5200.cc/1_1482/','0000-00-00'),
	(200,4,'愤怒的香蕉','赘婿','','','https://www.biquge5200.cc/0_105/','0000-00-00'),
	(201,4,'孑与2','大宋的智慧','','','https://www.biquge5200.cc/0_61/','0000-00-00'),
	(202,4,'光暗之心','阳光大秦','','','https://www.biquge5200.cc/0_129/','0000-00-00'),
	(203,4,'574981','我的明末生涯','','','https://www.biquge5200.cc/1_1893/','0000-00-00'),
	(204,4,'荣小荣','逍遥小书生','','','https://www.biquge5200.cc/54_54278/','0000-00-00'),
	(205,4,'青铜剑客','三国之召唤猛将','','','https://www.biquge5200.cc/1_1502/','0000-00-00'),
	(206,4,'炮兵','大明枭','','','https://www.biquge5200.cc/1_1084/','0000-00-00'),
	(207,4,'风雪云中路','抗日之我为战神','','','https://www.biquge5200.cc/1_1023/','0000-00-00'),
	(208,4,'三戒大师','大官人','','','https://www.biquge5200.cc/0_401/','0000-00-00'),
	(209,4,'山水浮屠','冒牌干部','','','https://www.biquge5200.cc/0_485/','0000-00-00'),
	(210,4,'朱郎才尽','寒门崛起','','','https://www.biquge5200.cc/2_2691/','0000-00-00'),
	(211,4,'青玉狮子','乱清','','','https://www.biquge5200.cc/0_199/','0000-00-00'),
	(212,4,'月关','夜天子','','','https://www.biquge5200.cc/0_8/','0000-00-00'),
	(213,4,'孑与2','汉乡','','','https://www.biquge5200.cc/78_78387/','0000-00-00'),
	(214,4,'坟土荒草','神话版三国','','','https://www.biquge5200.cc/0_917/','0000-00-00'),
	(215,4,'随轻风去','大明官','','','https://www.biquge5200.cc/0_63/','0000-00-00'),
	(216,4,'油茶','山野春潮：与乡村美妇的疯狂缠绵','','','https://www.biquge5200.cc/2_2981/','0000-00-00'),
	(217,4,'青史尽成灰','辽东钉子户','','','https://www.biquge5200.cc/1_1508/','0000-00-00'),
	(218,4,'石章鱼','医统江山','','','https://www.biquge5200.cc/0_800/','0000-00-00'),
	(219,4,'黑男爵','大魏能臣','','','https://www.biquge5200.cc/34_34179/','0000-00-00'),
	(220,4,'cuslaa','宰执天下','','','https://www.biquge5200.cc/0_550/','0000-00-00'),
	(221,4,'府天','明朝谋生手册','','','https://www.biquge5200.cc/2_2398/','0000-00-00'),
	(222,4,'迪巴拉爵士','带着仓库到大明','','','https://www.biquge5200.cc/52_52924/','0000-00-00'),
	(223,4,'一蓑烟雨dj','开着外挂闯三国','','','https://www.biquge5200.cc/57_57529/','0000-00-00'),
	(224,4,'兵魂','极品帝王','','','https://www.biquge5200.cc/20_20098/','0000-00-00'),
	(225,4,'特别白','大明武夫','','','https://www.biquge5200.cc/0_479/','0000-00-00'),
	(226,4,'要离刺荆轲','我要做皇帝','','','https://www.biquge5200.cc/0_887/','0000-00-00'),
	(227,4,'王梓钧','民国之文豪崛起','','','https://www.biquge5200.cc/56_56851/','0000-00-00'),
	(228,4,'南希北庆','北宋小厨师','','','https://www.biquge5200.cc/0_106/','0000-00-00'),
	(229,4,'华丽的虚伪','红警之索马里','','','https://www.biquge5200.cc/0_69/','0000-00-00'),
	(230,4,'幽泠秋月','重生之第二帝国','','','https://www.biquge5200.cc/1_1273/','0000-00-00'),
	(231,4,'天涯海跃','逆明1644','','','https://www.biquge5200.cc/22_22072/','0000-00-00'),
	(232,4,'远征士兵','越战的血','','','https://www.biquge5200.cc/0_125/','0000-00-00'),
	(233,4,'叫天','借天改明','','','https://www.biquge5200.cc/0_849/','0000-00-00'),
	(234,4,'无言不信','大唐虎贲','','','https://www.biquge5200.cc/0_145/','0000-00-00'),
	(235,4,'沙漠','国色生枭','','','https://www.biquge5200.cc/0_558/','0000-00-00'),
	(236,4,'南希北庆','唐朝小闲人','','','https://www.biquge5200.cc/3_3302/','0000-00-00'),
	(237,4,'他来自江湖','水浒求生记','','','https://www.biquge5200.cc/0_124/','0000-00-00'),
	(238,4,'大苹果','锦衣风流','','','https://www.biquge5200.cc/0_722/','0000-00-00'),
	(239,4,'贼眉鼠眼','贞观大闲人','','','https://www.biquge5200.cc/2_2081/','0000-00-00'),
	(240,4,'寇十五郎','猎击三国','','','https://www.biquge5200.cc/1_1179/','0000-00-00'),
	(241,4,'府天','公子千秋','','','https://www.biquge5200.cc/57_57136/','0000-00-00'),
	(242,4,'月关','逍遥游','','','https://www.biquge5200.cc/57_57793/','0000-00-00'),
	(243,4,'孑与2','银狐','','','https://www.biquge5200.cc/8_8121/','0000-00-00'),
	(244,4,'丑牛1985','抗日之兵魂传说','','','https://www.biquge5200.cc/0_64/','0000-00-00'),
	(245,4,'夜十三','流氓艳遇记','','','https://www.biquge5200.cc/1_1932/','0000-00-00'),
	(246,4,'何昊远','明扬天下','','','https://www.biquge5200.cc/0_62/','0000-00-00'),
	(247,4,'贱宗首席弟子','大魏宫廷','','','https://www.biquge5200.cc/13_13397/','0000-00-00'),
	(248,4,'天煌贵胄','回到明朝当暴君','','','https://www.biquge5200.cc/83_83379/','0000-00-00'),
	(249,5,'大烟缸','神级英雄','','','https://www.biquge5200.cc/0_3/','0000-00-00'),
	(250,5,'诸生浮屠','深渊主宰','','','https://www.biquge5200.cc/1_1224/','0000-00-00'),
	(251,5,'沉入海底','英雄联盟之七百年后','','','https://www.biquge5200.cc/33_33681/','0000-00-00'),
	(252,5,'三天两觉','惊悚乐园','','','https://www.biquge5200.cc/0_108/','0000-00-00'),
	(253,5,'天地23','猎艳江湖','','','https://www.biquge5200.cc/3_3372/','0000-00-00'),
	(254,5,'咬金陪你玩','王者荣耀之无敌逆天外挂','','','https://www.biquge5200.cc/82_82939/','0000-00-00'),
	(255,5,'大帅匪','武侠重生','','','https://www.biquge5200.cc/2_2684/','0000-00-00'),
	(256,5,'天运老猫','重生之最强剑神','','','https://www.biquge5200.cc/2_2603/','0000-00-00'),
	(257,5,'黄华溢','英雄监狱','','','https://www.biquge5200.cc/0_113/','0000-00-00'),
	(258,5,'文抄公','逍遥梦路','','','https://www.biquge5200.cc/77_77509/','0000-00-00'),
	(259,5,'第七重奏01','暗黑破坏神之毁灭','','','https://www.biquge5200.cc/0_112/','0000-00-00'),
	(260,5,'飘飘鱼','英雄联盟之全能天才','','','https://www.biquge5200.cc/75_75796/','0000-00-00'),
	(261,5,'黑乎乎的老妖','超级卡牌系统','','','https://www.biquge5200.cc/53_53977/','0000-00-00'),
	(262,5,'伊莎贝甜','英雄联盟之超级外挂系统','','','https://www.biquge5200.cc/52_52576/','0000-00-00'),
	(263,5,'闲时点根烟','异界三国君主','','','https://www.biquge5200.cc/1_1111/','0000-00-00'),
	(264,5,'圆圆的熊','无敌大领主','','','https://www.biquge5200.cc/1_1589/','0000-00-00'),
	(265,5,'三生断雪','重返三百年','','','https://www.biquge5200.cc/69_69166/','0000-00-00'),
	(266,5,'八二年自来水','网游之最强传说','','','https://www.biquge5200.cc/53_53546/','0000-00-00'),
	(267,5,'夜刺','网游之神级幸运星','','','https://www.biquge5200.cc/55_55704/','0000-00-00'),
	(268,5,'上古圣贤','网游之逆天戒指','','','https://www.biquge5200.cc/2_2291/','0000-00-00'),
	(269,5,'长歌扬','神级天赋','','','https://www.biquge5200.cc/0_56/','0000-00-00'),
	(270,5,'三天不睡觉','我在废土捡垃圾','','','https://www.biquge5200.cc/41_41105/','0000-00-00'),
	(271,5,'王不过霸','位面穿越之帝王之路','','','https://www.biquge5200.cc/1_1551/','0000-00-00'),
	(272,5,'乱','英雄联盟之谁与争锋','','','https://www.biquge5200.cc/0_568/','0000-00-00'),
	(273,5,'蝴蝶蓝','全职高手','','','https://www.biquge5200.cc/0_857/','0000-00-00'),
	(274,5,'齐佩甲','超神机械师','','','https://www.biquge5200.cc/76_76215/','0000-00-00'),
	(275,5,'极目天狗','网游之神级土豪','','','https://www.biquge5200.cc/75_75781/','0000-00-00'),
	(276,5,'发飙的蜗牛','重生之贼行天下','','','https://www.biquge5200.cc/0_971/','0000-00-00'),
	(277,5,'一夜狂醉','网游之奴役众神','','','https://www.biquge5200.cc/67_67291/','0000-00-00'),
	(278,5,'熊二先生','三国之诸天万界','','','https://www.biquge5200.cc/57_57159/','0000-00-00'),
	(279,5,'寒夜生花','英雄联盟之无敌抽奖系统','','','https://www.biquge5200.cc/53_53813/','0000-00-00'),
	(280,5,'落花独立','无限之配角的逆袭','','','https://www.biquge5200.cc/1_1402/','0000-00-00'),
	(281,5,'颓废龙','翡翠之塔','','','https://www.biquge5200.cc/1_1175/','0000-00-00'),
	(282,5,'徒手拆机甲','超神刺客','','','https://www.biquge5200.cc/3_3041/','0000-00-00'),
	(283,5,'心之弈剑','江湖我独行','','','https://www.biquge5200.cc/0_55/','0000-00-00'),
	(284,5,'泛舟填词','网游之大盗贼','','','https://www.biquge5200.cc/2_2302/','0000-00-00'),
	(285,5,'寂寞的化石','异界那些事儿','','','https://www.biquge5200.cc/21_21000/','0000-00-00'),
	(286,5,'邪影','铸圣庭','','','https://www.biquge5200.cc/0_192/','0000-00-00'),
	(287,5,'青涩苍穹','元素高塔','','','https://www.biquge5200.cc/35_35726/','0000-00-00'),
	(288,5,'文抄公','主神崛起','','','https://www.biquge5200.cc/52_52265/','0000-00-00'),
	(289,5,'微笑啊微笑','武侠世界逍遥行','','','https://www.biquge5200.cc/0_230/','0000-00-00'),
	(290,5,'火星引力','网游之天谴修罗','','','https://www.biquge5200.cc/0_43/','0000-00-00'),
	(291,5,'笙箫剑客','网游之全球在线','','','https://www.biquge5200.cc/42_42489/','0000-00-00'),
	(292,5,'突然光和热','枪械主宰','','','https://www.biquge5200.cc/1_1354/','0000-00-00'),
	(293,5,'逆袭的马里奥','网游之神级机械猎人','','','https://www.biquge5200.cc/40_40188/','0000-00-00'),
	(294,5,'夜月皇族','星海争霸之虫族皇帝','','','https://www.biquge5200.cc/58_58189/','0000-00-00'),
	(295,5,'泛舟填词','大盗贼','','','https://www.biquge5200.cc/49_49922/','0000-00-00'),
	(296,5,'深蓝椰子汁','暗夜游侠','','','https://www.biquge5200.cc/2_2003/','0000-00-00'),
	(297,5,'一目尽天涯','重生之焚尽八荒','','','https://www.biquge5200.cc/0_186/','0000-00-00'),
	(298,5,'观众老爷','斗鱼之顶级主播','','','https://www.biquge5200.cc/40_40149/','0000-00-00'),
	(299,6,'骷髅精灵','星战风暴','','','https://www.biquge5200.cc/0_6/','0000-00-00'),
	(300,6,'秦小词','末世之全能大师','','','https://www.biquge5200.cc/57_57891/','0000-00-00'),
	(301,6,'有梦之人','电影的世界','','','https://www.biquge5200.cc/76_76229/','0000-00-00'),
	(302,6,'野山黑猪','神级反派','','','https://www.biquge5200.cc/0_78/','0000-00-00'),
	(303,6,'东坡肘子48','无限世界旅行者','','','https://www.biquge5200.cc/33_33996/','0000-00-00'),
	(304,6,'远瞳','异常生物见闻录','','','https://www.biquge5200.cc/0_799/','0000-00-00'),
	(305,6,'九道光','电影世界冒险记','','','https://www.biquge5200.cc/0_132/','0000-00-00'),
	(306,6,'稻草也疯狂','绝世天才系统','','','https://www.biquge5200.cc/81_81640/','0000-00-00'),
	(307,6,'卧牛真人','修真四万年','','','https://www.biquge5200.cc/2_2244/','0000-00-00'),
	(308,6,'七只跳蚤','电影世界大盗','','','https://www.biquge5200.cc/38_38146/','0000-00-00'),
	(309,6,'南极烈日','史上最强店主','','','https://www.biquge5200.cc/42_42092/','0000-00-00'),
	(310,6,'黑铁之堡','黑铁之堡','','','https://www.biquge5200.cc/0_75/','0000-00-00'),
	(311,6,'绿豆冰糖水','电影世界逍遥行','','','https://www.biquge5200.cc/1_1187/','0000-00-00'),
	(312,6,'一二01','宇宙级大反派','','','https://www.biquge5200.cc/84_84254/','0000-00-00'),
	(313,6,'不吐泡泡鱼','无限之虫族降临','','','https://www.biquge5200.cc/1_1241/','0000-00-00'),
	(314,6,'闭口禅','位面成神之虚空戒','','','https://www.biquge5200.cc/3_3706/','0000-00-00'),
	(315,6,'始于初见','末世尸帝','','','https://www.biquge5200.cc/33_33374/','0000-00-00'),
	(316,6,'海里的羊','极品掠夺系统','','','https://www.biquge5200.cc/54_54880/','0000-00-00'),
	(317,6,'古月居士','主神大道','','','https://www.biquge5200.cc/46_46755/','0000-00-00'),
	(318,6,'死神钓者','死神列车','','','https://www.biquge5200.cc/3_3097/','0000-00-00'),
	(319,6,'画画大匠人','影视会员大穿越','','','https://www.biquge5200.cc/69_69015/','0000-00-00'),
	(320,6,'逆水之叶','系统的黑科技网吧','','','https://www.biquge5200.cc/81_81174/','0000-00-00'),
	(321,6,'君王李','超级走私系统','','','https://www.biquge5200.cc/49_49308/','0000-00-00'),
	(322,6,'叱牛牵向北','史上最强当铺','','','https://www.biquge5200.cc/50_50984/','0000-00-00'),
	(323,6,'布衣王五郎','电影世界畅游记','','','https://www.biquge5200.cc/55_55139/','0000-00-00'),
	(324,6,'斩心锁','全民武侠时代','','','https://www.biquge5200.cc/14_14254/','0000-00-00'),
	(325,6,'魔法飞蛋','遗忘国度之秘银王座','','','https://www.biquge5200.cc/0_269/','0000-00-00'),
	(326,6,'漂泊的黑猫','金钢进化','','','https://www.biquge5200.cc/33_33292/','0000-00-00'),
	(327,6,'熏风之伤','神奇的综漫旅行','','','https://www.biquge5200.cc/35_35414/','0000-00-00'),
	(328,6,'穷四','国产动画大冒险','','','https://www.biquge5200.cc/68_68881/','0000-00-00'),
	(329,6,'活的红烧鱼','万界之最强商人','','','https://www.biquge5200.cc/80_80549/','0000-00-00'),
	(330,6,'斗渔','穿越在电影世界','','','https://www.biquge5200.cc/0_484/','0000-00-00'),
	(331,6,'黑暗荔枝','灭世之门','','','https://www.biquge5200.cc/2_2952/','0000-00-00'),
	(332,6,'妖仙公子','黑暗大纪元','','','https://www.biquge5200.cc/69_69580/','0000-00-00'),
	(333,6,'七冲','末世御灵师','','','https://www.biquge5200.cc/0_137/','0000-00-00'),
	(334,6,'幻动','末日轮盘','','','https://www.biquge5200.cc/21_21412/','0000-00-00'),
	(335,6,'圣尤利西斯','龙族暴君','','','https://www.biquge5200.cc/37_37330/','0000-00-00'),
	(336,6,'陶穆','无限之巫师的旅途','','','https://www.biquge5200.cc/67_67538/','0000-00-00'),
	(337,6,'补丁1号','武侠系统狩末世','','','https://www.biquge5200.cc/0_918/','0000-00-00'),
	(338,6,'辛尘代谢','暗世进化者','','','https://www.biquge5200.cc/38_38894/','0000-00-00'),
	(339,6,'未想','快穿系统：炮灰女配逆袭攻略','','','https://www.biquge5200.cc/53_53201/','0000-00-00'),
	(340,6,'五十块','我的房间有扇任意门','','','https://www.biquge5200.cc/53_53033/','0000-00-00'),
	(341,6,'补丁1号','电影世界冒险王','','','https://www.biquge5200.cc/3_3004/','0000-00-00'),
	(342,6,'我叫排云掌','武侠世界大穿越','','','https://www.biquge5200.cc/3_3431/','0000-00-00'),
	(343,6,'石闻','两界搬运工','','','https://www.biquge5200.cc/47_47940/','0000-00-00'),
	(344,6,'我原非凡','掠夺诸天万界','','','https://www.biquge5200.cc/79_79024/','0000-00-00'),
	(345,6,'木老七','元首之怒','','','https://www.biquge5200.cc/0_391/','0000-00-00'),
	(346,6,'晨星LL','我在末世有套房','','','https://www.biquge5200.cc/3_3153/','0000-00-00'),
	(347,6,'绿袖盈香','未来之另类母系社会','','','https://www.biquge5200.cc/58_58192/','0000-00-00'),
	(348,6,'废稿三千','不朽星空','','','https://www.biquge5200.cc/0_91/','0000-00-00'),
	(349,7,'囧囧有妖','蜜爱100分：不良鲜妻有点甜','','','https://www.biquge5200.cc/82_82168/','0000-00-00'),
	(350,7,'囧囧有妖','恰似寒光遇骄阳','','','https://www.biquge5200.cc/88_88332/','0000-00-00'),
	(351,7,'霜露寒','重生之家有宝贝','','','https://www.biquge5200.cc/68_68072/','0000-00-00'),
	(352,7,'凤炅','绝色妖娆：鬼医至尊','','','https://www.biquge5200.cc/42_42040/','0000-00-00'),
	(353,7,'MS芙子','神医弃女：鬼帝的驭兽狂妃','','','https://www.biquge5200.cc/8_8237/','0000-00-00'),
	(354,7,'夜九辰','邪帝缠身：爆宠神医狂妃','','','https://www.biquge5200.cc/55_55734/','0000-00-00'),
	(355,7,'高山日初','重生1988：军少，我不嫁！','','','https://www.biquge5200.cc/69_69263/','0000-00-00'),
	(356,7,'锦红鸾','重生军婚：首长，早上好！','','','https://www.biquge5200.cc/67_67202/','0000-00-00'),
	(357,7,'梵缺','爆笑宠妃：爷我等你休妻','','','https://www.biquge5200.cc/7_7715/','0000-00-00'),
	(358,7,'妞妞蜜','重生反派女boss','','','https://www.biquge5200.cc/55_55507/','0000-00-00'),
	(359,7,'锦红鸾','婚如冬阳','','','https://www.biquge5200.cc/79_79835/','0000-00-00'),
	(360,7,'MS芙子','神医弃女','','','https://www.biquge5200.cc/83_83399/','0000-00-00'),
	(361,7,'直上青云','重生军营：军少，别乱来','','','https://www.biquge5200.cc/44_44703/','0000-00-00'),
	(362,7,'幽非芽','重生八零锦绣军婚','','','https://www.biquge5200.cc/80_80654/','0000-00-00'),
	(363,7,'宋兮兮','惹火小辣妻：上司，好闷骚','','','https://www.biquge5200.cc/23_23117/','0000-00-00'),
	(364,7,'理想花','重生泼辣小军嫂','','','https://www.biquge5200.cc/81_81627/','0000-00-00'),
	(365,7,'希行','大帝姬','','','https://www.biquge5200.cc/67_67347/','0000-00-00'),
	(366,7,'扇骨木','爆宠狂妻：神医五小姐','','','https://www.biquge5200.cc/13_13166/','0000-00-00'),
	(367,7,'陌烟','至尊瞳术师：绝世大小姐','','','https://www.biquge5200.cc/82_82014/','0000-00-00'),
	(368,7,'赵玺宝','甜婚蜜宠：权少的1号小新娘','','','https://www.biquge5200.cc/23_23079/','0000-00-00'),
	(369,7,'Loeva','秦楼春','','','https://www.biquge5200.cc/49_49931/','0000-00-00'),
	(370,7,'卡特琳娜','绝宠妖妃：邪王，太闷骚！','','','https://www.biquge5200.cc/36_36162/','0000-00-00'),
	(371,7,'夏晓凉','傻女逆天：废材大小姐','','','https://www.biquge5200.cc/32_32923/','0000-00-00'),
	(372,7,'姒城城','蜜爱小甜妻：老公，请亲亲！','','','https://www.biquge5200.cc/53_53196/','0000-00-00'),
	(373,7,'月儿在林间','重生七零逆袭路','','','https://www.biquge5200.cc/58_58879/','0000-00-00'),
	(374,7,'战七少','帝少心头宠：国民校草是女生','','','https://www.biquge5200.cc/55_55890/','0000-00-00'),
	(375,7,'苏小暖','邪王追妻：废材逆天小姐','','','https://www.biquge5200.cc/7_7397/','0000-00-00'),
	(376,7,'相思梓','医品毒妃倾天下','','','https://www.biquge5200.cc/84_84998/','0000-00-00'),
	(377,7,'凤炅','鬼医凤九','','','https://www.biquge5200.cc/84_84268/','0000-00-00'),
	(378,7,'白箩染','重生八零俏军嫂','','','https://www.biquge5200.cc/67_67831/','0000-00-00'),
	(379,7,'朵颜涯','重生之萌娘军嫂','','','https://www.biquge5200.cc/54_54272/','0000-00-00'),
	(380,7,'囧囧有妖','隐婚100分：惹火娇妻嫁一送一','','','https://www.biquge5200.cc/48_48014/','0000-00-00'),
	(381,7,'千年书一桐','闺华记','','','https://www.biquge5200.cc/54_54021/','0000-00-00'),
	(382,7,'西林葳蕤','重生八零之极品军妻','','','https://www.biquge5200.cc/83_83161/','0000-00-00'),
	(383,7,'红烧豆腐干','重生五十年代有空间','','','https://www.biquge5200.cc/85_85370/','0000-00-00'),
	(384,7,'冬天的柳叶','韶光慢','','','https://www.biquge5200.cc/55_55489/','0000-00-00'),
	(385,7,'锦凰','卦妃天下','','','https://www.biquge5200.cc/79_79099/','0000-00-00'),
	(386,7,'沸腾的咖啡','重生九零年：军嫂，有点甜','','','https://www.biquge5200.cc/69_69239/','0000-00-00'),
	(387,7,'水清竹','逆天九小姐：帝尊，别跑！','','','https://www.biquge5200.cc/68_68473/','0000-00-00'),
	(388,7,'赵暖暖','八零小军妻','','','https://www.biquge5200.cc/83_83250/','0000-00-00'),
	(389,7,'林夕梦叶','穿越之轻松当军嫂','','','https://www.biquge5200.cc/88_88809/','0000-00-00'),
	(390,7,'夜北','绝世神医：腹黑大小姐','','','https://www.biquge5200.cc/13_13163/','0000-00-00'),
	(391,7,'百香蜜','试婚老公，要给力','','','https://www.biquge5200.cc/53_53183/','0000-00-00'),
	(392,7,'小硕鼠5030','穿越七十年代之军嫂成长记','','','https://www.biquge5200.cc/53_53749/','0000-00-00'),
	(393,7,'甘草秋梨','周老太太的重生纪事','','','https://www.biquge5200.cc/82_82236/','0000-00-00'),
	(394,7,'咪菟','八零军嫂是神医','','','https://www.biquge5200.cc/81_81752/','0000-00-00'),
	(395,7,'花羽容','农绣','','','https://www.biquge5200.cc/51_51668/','0000-00-00'),
	(396,7,'横塘水','重生伪萝莉','','','https://www.biquge5200.cc/74_74543/','0000-00-00'),
	(397,7,'吾名璇玑','极品女医：弃妇带娃也嚣张','','','https://www.biquge5200.cc/9_9566/','0000-00-00'),
	(398,7,'许陸陸','重生之军嫂撩夫忙','','','https://www.biquge5200.cc/83_83234/','0000-00-00'),
	(399,8,'夜雨闻铃0','斗破苍穹之无上之境','','','https://www.biquge5200.cc/1_1718/','0000-00-00'),
	(400,8,'七星肥熊','秦时明月之大反派系统','','','https://www.biquge5200.cc/20_20889/','0000-00-00'),
	(401,8,'如若世上有仙','遮天之灵宝','','','https://www.biquge5200.cc/21_21291/','0000-00-00'),
	(402,8,'青竹根','斗罗大陆之封锁苍穹','','','https://www.biquge5200.cc/22_22015/','0000-00-00'),
	(403,8,'姓李名易字小白','重生之火影世界','','','https://www.biquge5200.cc/34_34853/','0000-00-00'),
	(404,8,'云月流光','魔禁之万物冻结','','','https://www.biquge5200.cc/22_22874/','0000-00-00'),
	(405,8,'苏远明','能力掠夺者的旅程','','','https://www.biquge5200.cc/7_7363/','0000-00-00'),
	(406,8,'橙留香','海贼王之最强海贼','','','https://www.biquge5200.cc/34_34637/','0000-00-00'),
	(407,8,'咖啡与考拉','长大续集','','','https://www.biquge5200.cc/75_75216/','0000-00-00'),
	(408,8,'知天命','求道于金庸世界','','','https://www.biquge5200.cc/35_35830/','0000-00-00'),
	(409,8,'农夫一拳','妖精的尾巴之狱血魔神','','','https://www.biquge5200.cc/12_12350/','0000-00-00'),
	(410,8,'银河少主','火影之雷霆王座','','','https://www.biquge5200.cc/33_33708/','0000-00-00'),
	(411,8,'消逝的过往','火影之大抽奖','','','https://www.biquge5200.cc/33_33826/','0000-00-00'),
	(412,8,'紫蓝色的猪','火影之祸害','','','https://www.biquge5200.cc/34_34713/','0000-00-00'),
	(413,8,'追梦人Love平','柯南世界里的巫师','','','https://www.biquge5200.cc/32_32683/','0000-00-00'),
	(414,8,'余打','番茄之最强神话','','','https://www.biquge5200.cc/3_3914/','0000-00-00'),
	(415,8,'天已逝','火影之至高无上','','','https://www.biquge5200.cc/35_35040/','0000-00-00'),
	(416,8,'死亡熊猫','火影之黑色羽翼','','','https://www.biquge5200.cc/8_8280/','0000-00-00'),
	(417,8,'道武9','火影之傀儡操控师','','','https://www.biquge5200.cc/25_25728/','0000-00-00'),
	(418,8,'不流泪的笨笨','家有儿女之老子是刘星','','','https://www.biquge5200.cc/36_36072/','0000-00-00'),
	(419,8,'烟酒生','火影之武道巅峰','','','https://www.biquge5200.cc/36_36009/','0000-00-00'),
	(420,8,'游客漫游','梦起海贼王','','','https://www.biquge5200.cc/21_21531/','0000-00-00'),
	(421,8,'神之阿鹏','神奇宝贝之阿鹏至尊','','','https://www.biquge5200.cc/31_31743/','0000-00-00'),
	(422,8,'浮生相对眼未开','精灵宝可梦之我想打个酱油','','','https://www.biquge5200.cc/23_23985/','0000-00-00'),
	(423,8,'yc鱼','海贼王之风雪降临','','','https://www.biquge5200.cc/40_40202/','0000-00-00'),
	(424,8,'软妹的黄瓜','海贼王之反派','','','https://www.biquge5200.cc/34_34160/','0000-00-00'),
	(425,8,'幻想乡之恋','众神眷恋幻想乡','','','https://www.biquge5200.cc/20_20681/','0000-00-00'),
	(426,8,'没有烤焦的烧鱼','最后的子弹','','','https://www.biquge5200.cc/5_5144/','0000-00-00'),
	(427,8,'卢碧','我的沙奈朵','','','https://www.biquge5200.cc/32_32653/','0000-00-00'),
	(428,8,'雪葬','美食的俘虏之天帝','','','https://www.biquge5200.cc/34_34972/','0000-00-00'),
	(429,8,'某胖','日在火影','','','https://www.biquge5200.cc/5_5633/','0000-00-00'),
	(430,8,'寒雪HX','综漫之楚月的动漫旅行','','','https://www.biquge5200.cc/25_25817/','0000-00-00'),
	(431,8,'文武全才彬彬','斗破苍穹之倾城绝恋','','','https://www.biquge5200.cc/25_25877/','0000-00-00'),
	(432,8,'橘园','游戏王之背后灵系统','','','https://www.biquge5200.cc/24_24281/','0000-00-00'),
	(433,8,'孤风寂','名侦探柯南之灰翼天使','','','https://www.biquge5200.cc/22_22364/','0000-00-00'),
	(434,8,'西山村人','笑傲之武当门徒','','','https://www.biquge5200.cc/34_34342/','0000-00-00'),
	(435,8,'若醉若离','盘龙之成长系统','','','https://www.biquge5200.cc/35_35524/','0000-00-00'),
	(436,8,'一枚好人','柯南之超级大boss','','','https://www.biquge5200.cc/5_5206/','0000-00-00'),
	(437,8,'之美','海贼王新时代','','','https://www.biquge5200.cc/13_13058/','0000-00-00'),
	(438,8,'发个黑色如风','重生赛罗奥特曼','','','https://www.biquge5200.cc/32_32417/','0000-00-00'),
	(439,8,'嘻哈努力','宠物小精灵之自行圣道','','','https://www.biquge5200.cc/6_6439/','0000-00-00'),
	(440,8,'精密计算','无限恐怖之机械师','','','https://www.biquge5200.cc/20_20797/','0000-00-00'),
	(441,8,'御风九天','秦时明月之墨狩天下','','','https://www.biquge5200.cc/5_5322/','0000-00-00'),
	(442,8,'灼白的琴键.QD','东方剑客奇谭录','','','https://www.biquge5200.cc/36_36226/','0000-00-00'),
	(443,8,'一支熊猫','海贼王之圣手','','','https://www.biquge5200.cc/45_45216/','0000-00-00'),
	(444,8,'小蛇丸子汤','加强版火影','','','https://www.biquge5200.cc/6_6522/','0000-00-00'),
	(445,8,'笼中的菜鸟','火影之功德人生','','','https://www.biquge5200.cc/22_22144/','0000-00-00'),
	(446,8,'石湖仙','数码暴君','','','https://www.biquge5200.cc/23_23185/','0000-00-00'),
	(447,8,'HNB','超神学院之葛彦文同人','','','https://www.biquge5200.cc/33_33408/','0000-00-00'),
	(448,8,'东临碣石以观沧海','无限恐怖之追逐','','','https://www.biquge5200.cc/9_9167/','0000-00-00'),
	(449,9,'寂寞剑客(书坊)','抗日之特战兵王','','','https://www.biquge5200.cc/13_13808/','0000-00-00'),
	(450,9,'尘风','龙组兵王','','','https://www.biquge5200.cc/53_53022/','0000-00-00'),
	(451,9,'九姑良','神级兵王','','','https://www.biquge5200.cc/57_57377/','0000-00-00'),
	(452,9,'安溪柚','崛起军工','','','https://www.biquge5200.cc/68_68775/','0000-00-00'),
	(453,9,'九尾猫','抗日之雷霆战将','','','https://www.biquge5200.cc/53_53632/','0000-00-00'),
	(454,9,'云中羊','最强特种兵王','','','https://www.biquge5200.cc/43_43351/','0000-00-00'),
	(455,9,'青山羊','超级抗战系统','','','https://www.biquge5200.cc/51_51044/','0000-00-00'),
	(456,9,'可大可小','交锋','','','https://www.biquge5200.cc/55_55516/','0000-00-00'),
	(457,9,'清华水木','抗日之超级战魂','','','https://www.biquge5200.cc/83_83877/','0000-00-00'),
	(458,9,'五音梵道','终极特种兵王','','','https://www.biquge5200.cc/54_54018/','0000-00-00'),
	(459,9,'赤色星尘','最强特种兵之龙刺','','','https://www.biquge5200.cc/1_1490/','0000-00-00'),
	(460,9,'常问','抗日之中国战神','','','https://www.biquge5200.cc/79_79645/','0000-00-00'),
	(461,9,'步枪打蚊子','抗战之无双战将','','','https://www.biquge5200.cc/36_36384/','0000-00-00'),
	(462,9,'用笔写书','抗战游击队','','','https://www.biquge5200.cc/86_86523/','0000-00-00'),
	(463,9,'良马过河','抗日之无敌强兵','','','https://www.biquge5200.cc/14_14411/','0000-00-00'),
	(464,9,'痴冬书亦','抗日之铁血兵魂','','','https://www.biquge5200.cc/10_10725/','0000-00-00'),
	(465,9,'乱舞沙','最强特种兵之战神传说','','','https://www.biquge5200.cc/46_46570/','0000-00-00'),
	(466,9,'574981','抗日之铁血智将','','','https://www.biquge5200.cc/58_58678/','0000-00-00'),
	(467,9,'菠菜面筋','最强炊事兵','','','https://www.biquge5200.cc/51_51436/','0000-00-00'),
	(468,9,'夏暖时分','重生在民国','','','https://www.biquge5200.cc/56_56003/','0000-00-00'),
	(469,9,'三北人','抗战之兵王重生','','','https://www.biquge5200.cc/14_14342/','0000-00-00'),
	(470,9,'七品','龙牙兵王','','','https://www.biquge5200.cc/67_67351/','0000-00-00'),
	(471,9,'冲天翼','超神妖孽兵王','','','https://www.biquge5200.cc/81_81353/','0000-00-00'),
	(472,9,'蝼蚁望天','狼牙兵王','','','https://www.biquge5200.cc/80_80792/','0000-00-00'),
	(473,9,'野兵','特种兵王系统','','','https://www.biquge5200.cc/67_67682/','0000-00-00'),
	(474,9,'负凌云','血魂1937','','','https://www.biquge5200.cc/48_48737/','0000-00-00'),
	(475,9,'夜星下','最强终极兵王','','','https://www.biquge5200.cc/77_77382/','0000-00-00'),
	(476,9,'8难','至尊特工','','','https://www.biquge5200.cc/83_83222/','0000-00-00'),
	(477,9,'流泪的鱼wyj','铁血德意志','','','https://www.biquge5200.cc/69_69135/','0000-00-00'),
	(478,9,'最佳恶人','超级兵王','','','https://www.biquge5200.cc/50_50668/','0000-00-00'),
	(479,9,'丛林狼','最强兵王','','','https://www.biquge5200.cc/3_3184/','0000-00-00'),
	(480,9,'乔三郎','抗日之超级战神','','','https://www.biquge5200.cc/48_48695/','0000-00-00'),
	(481,9,'七品','单兵为王','','','https://www.biquge5200.cc/4_4866/','0000-00-00'),
	(482,9,'小知闲闲(书坊)','烽火逃兵','','','https://www.biquge5200.cc/4_4647/','0000-00-00'),
	(483,9,'步枪','中国猎人','','','https://www.biquge5200.cc/9_9300/','0000-00-00'),
	(484,9,'大火樱桃','特种兵之血色獠牙','','','https://www.biquge5200.cc/52_52863/','0000-00-00'),
	(485,9,'步枪','奋斗1981','','','https://www.biquge5200.cc/82_82930/','0000-00-00'),
	(486,9,'酸奶酪','中华武将召唤系统','','','https://www.biquge5200.cc/56_56931/','0000-00-00'),
	(487,9,'如水意','间谍的战争','','','https://www.biquge5200.cc/81_81319/','0000-00-00'),
	(488,9,'帘秋霁','最强国防生','','','https://www.biquge5200.cc/83_83008/','0000-00-00'),
	(489,9,'华东之雄','第三帝国','','','https://www.biquge5200.cc/68_68240/','0000-00-00'),
	(490,9,'甜心九尾狐','抗日之顶级兵王','','','https://www.biquge5200.cc/83_83883/','0000-00-00'),
	(491,9,'说梦煮酒','邪龙狂兵','','','https://www.biquge5200.cc/53_53974/','0000-00-00'),
	(492,9,'巨火','红色脊梁','','','https://www.biquge5200.cc/48_48922/','0000-00-00'),
	(493,9,'铁甲榴弹','抗日之烽火连天','','','https://www.biquge5200.cc/79_79676/','0000-00-00'),
	(494,9,'身披马甲','超级特战兵王','','','https://www.biquge5200.cc/54_54260/','0000-00-00'),
	(495,9,'步枪打蚊子','抗战之无双战神','','','https://www.biquge5200.cc/69_69180/','0000-00-00'),
	(496,9,'龙灵骑士','帝国霸主','','','https://www.biquge5200.cc/55_55398/','0000-00-00'),
	(497,9,'白皓然','重生之抗美援朝','','','https://www.biquge5200.cc/57_57174/','0000-00-00'),
	(498,9,'丑牛1985','浴血兵魂','','','https://www.biquge5200.cc/68_68528/','0000-00-00');

/*!40000 ALTER TABLE `gysw_novel` ENABLE KEYS */;
UNLOCK TABLES;


# Dump of table gysw_search
# ------------------------------------------------------------

DROP TABLE IF EXISTS `gysw_search`;

CREATE TABLE `gysw_search` (
  `id` int(11) unsigned NOT NULL AUTO_INCREMENT COMMENT '主键',
  `user_id` int(11) NOT NULL COMMENT '用户外键',
  `keyword` varchar(255) NOT NULL DEFAULT '' COMMENT '关键字',
  `times` int(11) NOT NULL DEFAULT '1' COMMENT '次数',
  `last_update_at` date NOT NULL COMMENT '最后更新时间',
  PRIMARY KEY (`id`)
) ENGINE=InnoDB DEFAULT CHARSET=utf8;

LOCK TABLES `gysw_search` WRITE;
/*!40000 ALTER TABLE `gysw_search` DISABLE KEYS */;

INSERT INTO `gysw_search` (`id`, `user_id`, `keyword`, `times`, `last_update_at`)
VALUES
	(10,9,'兵者',1,'0000-00-00'),
	(11,9,'七品',4,'2018-12-06'),
	(12,2,'都市阴阳师',7,'2018-10-16'),
	(13,9,'巫九',1,'2018-10-16'),
	(14,9,'西红柿',6,'2018-10-16'),
	(15,3,'都市阴阳师',1,'2018-10-16'),
	(16,10,'都市阴阳师',1,'2018-10-24'),
	(17,7,'西红柿',2,'2018-10-24'),
	(18,7,'流氓天尊',3,'2018-10-24'),
	(19,9,'流氓天尊',4,'2018-10-26'),
	(20,9,'都市阴阳师',25,'2018-12-03'),
	(21,4,'都市阴阳师',2,'2018-10-26'),
	(22,9,'地狱诡探',2,'2018-10-27'),
	(23,9,'天道图书馆',3,'2018-10-27'),
	(24,9,'龙头',1,'2018-10-27'),
	(25,9,'超脑黑客',1,'2018-10-28'),
	(26,9,'都市',3,'2018-11-01'),
	(27,9,'将夜',1,'2018-11-03'),
	(28,12,'农',2,'2018-11-09'),
	(29,9,'穿越',1,'2018-11-09'),
	(30,9,'重生',1,'2018-11-09'),
	(31,9,'极品',1,'2018-11-09'),
	(32,11,'都市阴阳师',1,'2018-11-20'),
	(33,13,'都市阴阳师',2,'2018-12-03'),
	(34,7,'紫血圣皇',2,'2018-12-03'),
	(35,9,'紫血圣皇',1,'2018-12-03');

/*!40000 ALTER TABLE `gysw_search` ENABLE KEYS */;
UNLOCK TABLES;


# Dump of table gysw_shelf
# ------------------------------------------------------------

DROP TABLE IF EXISTS `gysw_shelf`;

CREATE TABLE `gysw_shelf` (
  `id` int(11) unsigned NOT NULL AUTO_INCREMENT COMMENT '主键',
  `user_id` int(11) NOT NULL COMMENT '用户外键',
  `author_name` varchar(255) NOT NULL DEFAULT '' COMMENT '作者名',
  `book_name` varchar(255) NOT NULL DEFAULT '' COMMENT '书名',
  `book_desc` varchar(255) DEFAULT '' COMMENT '小说描述',
  `book_cover_url` varchar(255) DEFAULT 'https://novel.dkvirus.top/images/cover.png' COMMENT '封面地址',
  `recent_chapter_url` varchar(255) NOT NULL DEFAULT '' COMMENT '最近阅读章节地址',
  `last_update_at` datetime NOT NULL COMMENT '章节最后更新时间',
  PRIMARY KEY (`id`)
) ENGINE=InnoDB DEFAULT CHARSET=utf8;

LOCK TABLES `gysw_shelf` WRITE;
/*!40000 ALTER TABLE `gysw_shelf` DISABLE KEYS */;

INSERT INTO `gysw_shelf` (`id`, `user_id`, `author_name`, `book_name`, `book_desc`, `book_cover_url`, `recent_chapter_url`, `last_update_at`)
VALUES
	(14,2,'天蚕土豆','大主宰','','https://novel.dkvirus.top/images/cover.png','https://www.biquge5200.cc/0_7/2046.html','2018-12-14 10:31:46'),
	(15,2,'七品','兵者','','https://novel.dkvirus.top/images/cover.png','https://www.biquge5200.cc/98_98081/155293499.html','2018-12-14 10:31:46'),
	(16,3,'天蚕土豆','大主宰','','https://novel.dkvirus.top/images/cover.png','https://www.biquge5200.cc/0_7/2046.html','2018-12-14 10:31:46'),
	(17,4,'天蚕土豆','大主宰','','https://novel.dkvirus.top/images/cover.png','https://www.biquge5200.cc/0_7/2046.html','2018-12-14 10:31:46'),
	(18,5,'菠菜面筋','最强炊事兵','','https://novel.dkvirus.top/images/cover.png','https://www.biquge5200.cc/51_51436/19593105.html','2018-12-14 10:31:46'),
	(19,6,'天蚕土豆','大主宰','','https://novel.dkvirus.top/images/cover.png','https://www.biquge5200.cc/0_7/2046.html','2018-12-14 10:31:46'),
	(20,7,'我吃西红柿','雪鹰领主','','https://novel.dkvirus.top/images/cover.png','https://www.biquge5200.cc/2_2598/1847695.html','2018-12-14 10:31:46'),
	(21,8,'七品','兵者','','https://novel.dkvirus.top/images/cover.png','https://www.biquge5200.cc/98_98081/155293499.html','2018-12-14 10:31:46'),
	(22,9,'七品','兵者','','https://novel.dkvirus.top/images/cover.png','https://www.biquge5200.cc/98_98081/160878627.html','2018-12-14 10:31:46'),
	(23,9,'九灯和善','超品巫师','','https://novel.dkvirus.top/images/cover.png','https://www.biquge5200.cc/84_84888/154804872.html','2018-12-14 10:31:46'),
	(24,9,'巫九','都市阴阳师','','https://novel.dkvirus.top/images/cover.png','https://www.biquge5200.cc/92_92627/160876492.html','2018-12-14 10:31:46'),
	(25,9,'疯狂小强','超脑黑客','','https://novel.dkvirus.top/images/cover.png','https://www.biquge5200.cc/60_60913/141605759.html','2019-01-30 17:36:43'),
	(27,10,'天蚕土豆','大主宰','','https://novel.dkvirus.top/images/cover.png','https://www.biquge5200.cc/0_9/3372.html','2019-01-30 17:40:03'),
	(28,11,'七月妖孽','都市科技阴阳师','','https://novel.dkvirus.top/images/cover.png','https://www.biquge5200.cc/90_90889/152439664.html','2018-12-14 10:31:46'),
	(30,12,'巫九','都市阴阳师','','https://novel.dkvirus.top/images/cover.png','https://www.biquge5200.cc/0_7/2046.html','2018-12-14 10:31:46'),
	(32,13,'天蚕土豆','大主宰','其实接下来的新书，在斗破完结时便已经是有了构想，只不过却并未立即开始写，因为那个世界太过的宏伟浩大，所以，我再写了一本武动，来作为其基石。斗破大结局时，萧炎所去的新世界，与林动最终去往的神秘世界，是相同的，因为那个神秘的大世界，便是我们新书开始的地方。当初并不太认为自己有驾驭那个世界的能力，而现在，终归是可以开始了。','https://novel.dkvirus.top/images/cover.png','https://www.biquge5200.cc/0_7/2046.html','2018-12-14 10:31:46'),
	(34,7,'唯易永恒','紫血圣皇','血脉分九星，灰黑赤橙黄绿青蓝紫，紫血为最；皇分三等，人地圣，圣皇为首。少年秦墨，机缘巧合，穿越到玄黄大陆，却天生白色废血，一辈子修炼无望，机缘巧合，获得一滴紫血，得轩辕圣皇传承，改造体质，成逆天之资，踏上强者之路，带领人族征伐诸天，问鼎无上圣皇。吾是汝之盾，护汝万世得长生，吾是汝之剑，带汝饮尽异族血！！！','https://novel.dkvirus.top/images/cover.png','https://www.biquge5200.cc/5_5072/2891153.html','2018-12-14 10:31:46'),
	(36,7,'莫默','武炼巅峰','武之巅峰，是孤独，是寂寞，是漫漫求索，是高处不胜寒逆境中成长，绝地里求生，不屈不饶，才能堪破武之极道。凌霄阁试炼弟子兼扫地小厮杨开偶获一本无字黑书，从此踏上漫漫武道。******************友情提示：这是一个持久的男人的故事，这也是一个淫者见淫，智者见智的故事。做男人，当持久！','https://novel.dkvirus.top/images/cover.png','https://www.biquge5200.cc/0_111/75039.html','2018-12-14 10:31:46'),
	(47,9,'发飙的蜗牛','妖神记','　　妖神一出，谁与争锋。最强妖灵师聂离因为一本神秘的时空妖灵之书重生年少时代，修炼最强功法、最强的妖灵之力，踏足武道巅峰！前世的仇人，全部清算。既然重生，这一世我便是主宰一切的众神之王，让一切都在我脚下蛰伏颤抖吧。~~《妖神记》是蜗牛精心雕琢的一部玄幻作品，将会是一部与众不同的玄幻故事，另外《妖神记》的漫画也在腾讯动漫同时发布，画风非常精美，请大家多多支持。~~','https://novel.dkvirus.top/images/cover.png','https://www.biquge5200.cc/2_2740/1937488.html','2019-02-15 09:47:20'),
	(48,9,'天蚕土豆','大主宰','其实接下来的新书，在斗破完结时便已经是有了构想，只不过却并未立即开始写，因为那个世界太过的宏伟浩大，所以，我再写了一本武动，来作为其基石。斗破大结局时，萧炎所去的新世界，与林动最终去往的神秘世界，是相同的，因为那个神秘的大世界，便是我们新书开始的地方。当初并不太认为自己有驾驭那个世界的能力，而现在，终归是可以开始了。','https://novel.dkvirus.top/images/cover.png','https://www.biquge5200.cc/0_7/2046.html','0000-00-00 00:00:00');

/*!40000 ALTER TABLE `gysw_shelf` ENABLE KEYS */;
UNLOCK TABLES;


# Dump of table gysw_user
# ------------------------------------------------------------

DROP TABLE IF EXISTS `gysw_user`;

CREATE TABLE `gysw_user` (
  `id` int(11) unsigned NOT NULL AUTO_INCREMENT COMMENT '主键',
  `username` varchar(255) NOT NULL DEFAULT '' COMMENT '用户名',
  `password` varchar(255) DEFAULT '' COMMENT '登录密码',
  `client_type` varchar(20) NOT NULL DEFAULT '' COMMENT '客户端类型。OPENID/MOBILE/THIRDQQ/THIRDWX',
  `nickname` varchar(255) DEFAULT '' COMMENT '昵称',
  `avatar_url` varchar(255) DEFAULT '' COMMENT '头像',
  `birth` varchar(255) DEFAULT '' COMMENT '生日',
  `gender` varchar(4) DEFAULT '保密' COMMENT '男、女、保密',
  `address` varchar(255) DEFAULT '' COMMENT '居住地址',
  `email` varchar(100) DEFAULT '' COMMENT '邮箱',
  `remark` varchar(255) DEFAULT '' COMMENT '备注',
  `create_at` datetime DEFAULT NULL COMMENT '创建时间',
  `last_update_at` datetime DEFAULT NULL COMMENT '最后一次更新时间',
  PRIMARY KEY (`id`)
) ENGINE=InnoDB DEFAULT CHARSET=utf8;

LOCK TABLES `gysw_user` WRITE;
/*!40000 ALTER TABLE `gysw_user` DISABLE KEYS */;

INSERT INTO `gysw_user` (`id`, `username`, `password`, `client_type`, `nickname`, `avatar_url`, `birth`, `gender`, `address`, `email`, `remark`, `create_at`, `last_update_at`)
VALUES
	(2,'o02_15etbfNLSZu3jJ5Lw1FZlhZwxxx','','OPENID','','','','保密','','','',NULL,NULL),
	(3,'o02_15eV2Pxrn47qV_jO-UfdsafLY82EU','','OPENID','','','','保密','','','',NULL,NULL),
	(4,'o02_15eXpDcp4jafaaOYHNDNtsoSj8GE','','OPENID','','','','保密','','','',NULL,NULL),
	(5,'o02_1fdsaf5fbBZ3D14YXXp7eV2XIaCDs','','OPENID','','','','保密','','','',NULL,NULL),
	(6,'o02_15QlqDaC-jDxEC7Fk9kljkljra71Q8','','OPENID','','','','保密','','','',NULL,NULL),
	(7,'o02_15QNP7fdsgasga2ojmVCKvfw8_06HXdQ','','OPENID','','','','保密','','','',NULL,NULL),
	(8,'o02_15RihNq065ZM8fdsafaA-rKZzPwbb4','','OPENID','','','','保密','','','',NULL,NULL),
	(9,'o02_15SJd-Kgc5rCfdsafa3nMmPgOePaPE','','OPENID','','','','男性','','','',NULL,'2018-12-14 13:39:19'),
	(10,'o02_15Uuieqwe3VuKqrAl4iUZOX_c3rgKc','','OPENID','','','','保密','','','',NULL,NULL),
	(11,'o02_15UfgnmR2Bsk3pm,nvmzk3XK-OWIOo','','OPENID','','','','保密','','','',NULL,NULL),
	(12,'o02_15UWoiueqw2TRBXNStgX6VxxMXd96o','','OPENID','','','','保密','','','',NULL,NULL),
	(13,'o02_15dEkljhjlsdOCWmDJSYRPVa5cmetTG8','','OPENID','','','','保密','','','',NULL,NULL);

/*!40000 ALTER TABLE `gysw_user` ENABLE KEYS */;
UNLOCK TABLES;



/*!40111 SET SQL_NOTES=@OLD_SQL_NOTES */;
/*!40101 SET SQL_MODE=@OLD_SQL_MODE */;
/*!40014 SET FOREIGN_KEY_CHECKS=@OLD_FOREIGN_KEY_CHECKS */;
/*!40101 SET CHARACTER_SET_CLIENT=@OLD_CHARACTER_SET_CLIENT */;
/*!40101 SET CHARACTER_SET_RESULTS=@OLD_CHARACTER_SET_RESULTS */;
/*!40101 SET COLLATION_CONNECTION=@OLD_COLLATION_CONNECTION */;
